Workstation,Flag
MABB567890,1eOSn
MABB565430,a9eBX
MABB827890,XcD21
MABB565335,gQIuA
MABB827891,K1kvi
COABR827891,7ROCH
COABR820478,dcUyI
MABB035011,UWGSC
MABB595918,iy5Sg
MABB696576,8xfMn
MABB124756,FyPUI
MABB084488,GWCD1
MABB865523,0A9Ml
MABB648356,aVroy
MABB111399,g962o
MABB453201,Ylzjq
MABB551151,a030c
MABB239721,p5DMS
MABB485886,H80wz
MABB767125,WvJm6
MABB703196,EqyBJ
MABB781167,3UYrr
MABB278454,FNGVa
MABB329140,Z3bie
MABB329825,7C4eb
MABB108061,xBt9C
MABB626919,wjv9W
MABB552841,Euwlw
MABB933745,2ZwSA
MABB636588,HmIoU
MABB381245,hVKlQ
MABB686236,DDTCb
MABB376355,j7WIH
MABB355423,8vOnf
MABB773766,ouKrm
MABB257541,ePOAa
MABB347908,MwRE3
MABB745859,Q6XSw
MABB383096,39weF
MABB082646,vB201
MABB291829,DlnFJ
MABB102502,wZ70v
MABB461778,YDUm7
MABB532550,sTEBh
MABB250290,B0qGT
MABB321959,NaS53
MABB716585,v0EZG
MABB546156,sWZXJ
MABB925483,yD6mV